order,virus,unexposed_perc,exposed_perc
corona2_10002,hCoV-HKU1,0.38461538461538464,0.0
corona2_10019,SARS-CoV-2,0.38461538461538464,0.0
corona2_10032,hCoV-299E,4.615384615384615,8.550185873605948
corona2_10047,MERS-CoV,0.0,1.1152416356877324
corona2_10051,hCoV-NL63,10.384615384615385,10.408921933085502
corona2_10052,hCoV-299E,10.0,11.524163568773234
corona2_1006,SARS-CoV,0.0,1.486988847583643
corona2_10072,MERS-CoV,0.38461538461538464,1.1152416356877324
corona2_1008,hCoV-299E,3.8461538461538463,8.178438661710038
corona2_10086,MERS-CoV,0.38461538461538464,1.1152416356877324
corona2_10086,MERS-CoV,0.38461538461538464,1.1152416356877324
corona2_10091,SARS-CoV,2.6923076923076925,3.717472118959108
corona2_10091,SARS-CoV-2,2.6923076923076925,3.717472118959108
corona2_10102,hCoV-299E,7.3076923076923075,7.063197026022305
corona2_10103,hCoV-NL63,3.8461538461538463,4.089219330855019
corona2_10111,hCoV-NL63,2.3076923076923075,1.486988847583643
corona2_10115,MERS-CoV,0.0,0.37174721189591076
corona2_10124,hCoV-NL63,0.0,0.37174721189591076
corona2_10129,hCoV-OC43,0.0,0.37174721189591076
corona2_10130,hCoV-HKU1,0.7692307692307693,0.37174721189591076
corona2_10145,SARS-CoV,0.0,0.37174721189591076
corona2_10149,SARS-CoV,0.38461538461538464,0.37174721189591076
corona2_10161,MERS-CoV,0.38461538461538464,0.37174721189591076
corona2_10161,MERS-CoV,0.38461538461538464,0.37174721189591076
corona2_10162,hCoV-299E,0.7692307692307693,0.0
corona2_10164,MERS-CoV,2.3076923076923075,4.4609665427509295
corona2_10168,hCoV-299E,1.1538461538461537,1.486988847583643
corona2_10184,MERS-CoV,0.0,0.7434944237918215
corona2_10196,SARS-CoV-2,0.7692307692307693,0.0
corona2_10198,SARS-CoV,0.38461538461538464,0.0
corona2_10203,hCoV-NL63,0.7692307692307693,0.0
corona2_1022,MERS-CoV,0.7692307692307693,0.7434944237918215
corona2_10229,SARS-CoV,0.0,0.37174721189591076
corona2_10239,SARS-CoV,0.38461538461538464,0.0
corona2_10274,MERS-CoV,0.0,1.1152416356877324
corona2_10278,SARS-CoV-2,0.7692307692307693,4.4609665427509295
corona2_10325,SARS-CoV-2,0.7692307692307693,4.089219330855019
corona2_10335,SARS-CoV-2,5.0,6.691449814126394
corona2_10339,MERS-CoV,0.38461538461538464,0.0
corona2_10351,hCoV-NL63,0.0,0.37174721189591076
corona2_10359,hCoV-OC43,1.1538461538461537,0.7434944237918215
corona2_10376,hCoV-OC43,0.38461538461538464,0.0
corona2_10383,hCoV-NL63,0.0,0.37174721189591076
corona2_10384,hCoV-299E,1.1538461538461537,0.7434944237918215
corona2_10404,MERS-CoV,2.3076923076923075,0.0
corona2_10418,MERS-CoV,4.615384615384615,5.947955390334572
corona2_10418,MERS-CoV,4.615384615384615,5.947955390334572
corona2_1042,hCoV-NL63,0.38461538461538464,0.37174721189591076
corona2_10429,hCoV-299E,0.38461538461538464,0.0
corona2_10432,MERS-CoV,0.7692307692307693,23.79182156133829
corona2_10432,MERS-CoV,0.7692307692307693,23.79182156133829
corona2_10458,hCoV-OC43,0.38461538461538464,0.0
corona2_10461,hCoV-NL63,0.38461538461538464,0.37174721189591076
corona2_10468,SARS-CoV-2,0.0,0.7434944237918215
corona2_10484,SARS-CoV-2,0.38461538461538464,0.0
corona2_10495,SARS-CoV,0.0,0.37174721189591076
corona2_10502,SARS-CoV-2,0.0,0.37174721189591076
corona2_10513,SARS-CoV-2,0.7692307692307693,1.858736059479554
corona2_10521,SARS-CoV,0.38461538461538464,1.486988847583643
corona2_10566,hCoV-OC43,0.38461538461538464,0.0
corona2_10597,hCoV-NL63,0.0,0.7434944237918215
corona2_10604,hCoV-HKU1,0.0,0.37174721189591076
corona2_10622,SARS-CoV-2,0.7692307692307693,0.37174721189591076
corona2_10623,SARS-CoV,1.1538461538461537,0.37174721189591076
corona2_10642,MERS-CoV,0.7692307692307693,1.1152416356877324
corona2_10660,SARS-CoV-2,0.38461538461538464,0.0
corona2_10672,SARS-CoV-2,0.38461538461538464,0.0
corona2_10694,hCoV-HKU1,0.0,0.37174721189591076
corona2_10697,hCoV-OC43,0.38461538461538464,0.0
corona2_10701,SARS-CoV,0.0,0.37174721189591076
corona2_10725,SARS-CoV-2,0.0,0.37174721189591076
corona2_1074,MERS-CoV,0.0,0.37174721189591076
corona2_10751,hCoV-HKU1,0.0,0.37174721189591076
corona2_10752,hCoV-OC43,0.38461538461538464,0.0
corona2_10770,SARS-CoV-2,0.0,0.37174721189591076
corona2_10774,hCoV-OC43,0.7692307692307693,0.7434944237918215
corona2_10787,SARS-CoV-2,0.7692307692307693,1.858736059479554
corona2_10817,hCoV-OC43,0.38461538461538464,0.0
corona2_10825,SARS-CoV,0.0,0.37174721189591076
corona2_10826,hCoV-NL63,0.0,0.37174721189591076
corona2_10829,hCoV-NL63,1.1538461538461537,1.486988847583643
corona2_1083,SARS-CoV,0.7692307692307693,0.0
corona2_10846,SARS-CoV,0.38461538461538464,3.345724907063197
corona2_10857,SARS-CoV-2,1.1538461538461537,1.486988847583643
corona2_10862,MERS-CoV,0.7692307692307693,0.0
corona2_1087,MERS-CoV,0.7692307692307693,2.2304832713754648
corona2_10882,MERS-CoV,0.38461538461538464,1.1152416356877324
corona2_10888,MERS-CoV,1.1538461538461537,1.1152416356877324
corona2_10889,MERS-CoV,0.0,1.486988847583643
corona2_10898,SARS-CoV,0.7692307692307693,0.7434944237918215
corona2_1090,SARS-CoV-2,2.3076923076923075,1.858736059479554
corona2_10907,MERS-CoV,0.38461538461538464,0.37174721189591076
corona2_10927,hCoV-299E,38.84615384615385,32.342007434944236
corona2_10929,MERS-CoV,0.0,0.37174721189591076
corona2_1094,SARS-CoV,1.5384615384615385,2.973977695167286
corona2_10967,SARS-CoV-2,0.7692307692307693,1.486988847583643
corona2_10968,hCoV-HKU1,1.1538461538461537,0.7434944237918215
corona2_10976,MERS-CoV,0.7692307692307693,0.37174721189591076
corona2_1098,SARS-CoV,3.8461538461538463,2.2304832713754648
corona2_1098,SARS-CoV-2,3.8461538461538463,2.2304832713754648
corona2_11005,hCoV-HKU1,0.7692307692307693,0.0
corona2_1102,SARS-CoV-2,0.0,6.691449814126394
corona2_11022,SARS-CoV-2,3.4615384615384617,3.345724907063197
corona2_11026,SARS-CoV,1.9230769230769231,1.486988847583643
corona2_11028,hCoV-NL63,0.0,0.37174721189591076
corona2_11036,SARS-CoV,0.7692307692307693,0.0
corona2_11040,SARS-CoV-2,0.0,0.37174721189591076
corona2_11054,hCoV-HKU1,0.0,0.37174721189591076
corona2_11060,hCoV-HKU1,0.38461538461538464,1.1152416356877324
corona2_11075,SARS-CoV-2,4.230769230769231,20.817843866171003
corona2_11092,SARS-CoV-2,0.0,0.37174721189591076
corona2_11094,hCoV-NL63,0.38461538461538464,0.0
corona2_11106,hCoV-NL63,0.0,0.37174721189591076
corona2_11117,hCoV-NL63,0.38461538461538464,1.1152416356877324
corona2_11130,SARS-CoV-2,2.6923076923076925,2.973977695167286
corona2_1114,MERS-CoV,0.38461538461538464,0.0
corona2_11141,hCoV-OC43,6.923076923076923,50.185873605947954
corona2_11143,MERS-CoV,0.38461538461538464,1.1152416356877324
corona2_11174,hCoV-HKU1,0.0,0.37174721189591076
corona2_11178,SARS-CoV-2,1.1538461538461537,0.37174721189591076
corona2_1118,SARS-CoV,0.38461538461538464,0.0
corona2_1118,SARS-CoV-2,0.38461538461538464,0.0
corona2_11180,SARS-CoV,0.7692307692307693,0.0
corona2_11187,hCoV-HKU1,0.38461538461538464,0.0
corona2_11191,SARS-CoV,0.0,0.7434944237918215
corona2_1120,hCoV-OC43,0.7692307692307693,0.37174721189591076
corona2_11202,MERS-CoV,0.7692307692307693,0.0
corona2_11203,SARS-CoV,6.153846153846154,9.293680297397769
corona2_11218,hCoV-299E,0.38461538461538464,0.0
corona2_11220,SARS-CoV,0.38461538461538464,1.1152416356877324
corona2_11236,hCoV-299E,1.5384615384615385,1.1152416356877324
corona2_1124,SARS-CoV-2,0.7692307692307693,41.63568773234201
corona2_11253,hCoV-HKU1,5.0,7.434944237918216
corona2_11267,MERS-CoV,0.7692307692307693,1.1152416356877324
corona2_11271,MERS-CoV,0.38461538461538464,0.37174721189591076
corona2_11274,hCoV-HKU1,0.7692307692307693,1.486988847583643
corona2_11275,hCoV-OC43,0.38461538461538464,0.37174721189591076
corona2_11276,hCoV-299E,1.5384615384615385,0.0
corona2_11283,hCoV-299E,0.7692307692307693,1.858736059479554
corona2_11295,hCoV-HKU1,0.7692307692307693,0.0
corona2_11308,hCoV-OC43,0.38461538461538464,0.0
corona2_1131,hCoV-OC43,0.7692307692307693,0.7434944237918215
corona2_11312,MERS-CoV,0.38461538461538464,0.0
corona2_11315,hCoV-OC43,0.7692307692307693,0.0
corona2_11320,hCoV-299E,0.38461538461538464,0.37174721189591076
corona2_11323,hCoV-NL63,0.0,0.37174721189591076
corona2_11335,MERS-CoV,0.38461538461538464,1.1152416356877324
corona2_11345,SARS-CoV,0.38461538461538464,0.7434944237918215
corona2_11345,SARS-CoV-2,0.38461538461538464,0.7434944237918215
corona2_11347,SARS-CoV,3.4615384615384617,4.4609665427509295
corona2_11391,MERS-CoV,1.9230769230769231,0.7434944237918215
corona2_1143,SARS-CoV-2,4.230769230769231,5.204460966542751
corona2_11442,hCoV-299E,5.0,3.345724907063197
corona2_11453,MERS-CoV,0.7692307692307693,1.1152416356877324
corona2_11453,MERS-CoV,0.7692307692307693,1.1152416356877324
corona2_11459,hCoV-NL63,0.0,0.37174721189591076
corona2_11464,hCoV-HKU1,0.0,0.7434944237918215
corona2_11466,MERS-CoV,0.7692307692307693,0.37174721189591076
corona2_11467,hCoV-NL63,0.0,0.37174721189591076
corona2_11499,hCoV-299E,0.0,0.37174721189591076
corona2_11513,hCoV-299E,0.38461538461538464,0.0
corona2_1153,SARS-CoV-2,0.38461538461538464,7.063197026022305
corona2_11538,hCoV-299E,1.5384615384615385,1.1152416356877324
corona2_11540,hCoV-NL63,0.0,0.37174721189591076
corona2_11575,MERS-CoV,0.0,0.7434944237918215
corona2_11631,MERS-CoV,0.0,0.7434944237918215
corona2_11669,SARS-CoV,1.1538461538461537,0.37174721189591076
corona2_11669,SARS-CoV-2,1.1538461538461537,0.37174721189591076
corona2_11674,hCoV-299E,0.38461538461538464,2.973977695167286
corona2_11680,hCoV-299E,0.38461538461538464,0.0
corona2_11696,hCoV-299E,0.7692307692307693,0.37174721189591076
corona2_11698,hCoV-OC43,0.38461538461538464,0.0
corona2_11723,MERS-CoV,0.0,0.37174721189591076
corona2_11731,hCoV-299E,0.38461538461538464,0.37174721189591076
corona2_11740,hCoV-NL63,0.0,0.37174721189591076
corona2_11741,hCoV-NL63,1.5384615384615385,0.7434944237918215
corona2_11751,hCoV-299E,0.0,1.1152416356877324
corona2_11764,hCoV-NL63,28.076923076923077,26.765799256505577
corona2_11776,MERS-CoV,1.1538461538461537,0.0
corona2_11786,hCoV-OC43,0.38461538461538464,1.1152416356877324
corona2_11797,hCoV-NL63,3.076923076923077,7.063197026022305
corona2_11802,hCoV-NL63,1.5384615384615385,2.6022304832713754
corona2_11819,MERS-CoV,0.38461538461538464,0.0
corona2_11822,MERS-CoV,0.38461538461538464,0.0
corona2_11826,MERS-CoV,0.7692307692307693,0.37174721189591076
corona2_11846,hCoV-NL63,0.7692307692307693,0.0
corona2_11854,hCoV-299E,1.9230769230769231,0.7434944237918215
corona2_11855,MERS-CoV,1.9230769230769231,0.37174721189591076
corona2_11859,hCoV-299E,0.38461538461538464,0.0
corona2_11871,hCoV-OC43,0.38461538461538464,0.7434944237918215
corona2_11872,MERS-CoV,0.38461538461538464,0.37174721189591076
corona2_11873,hCoV-HKU1,0.0,1.1152416356877324
corona2_11875,hCoV-299E,0.38461538461538464,0.0
corona2_11922,hCoV-299E,85.0,83.27137546468401
corona2_11949,SARS-CoV,1.1538461538461537,0.37174721189591076
corona2_11974,MERS-CoV,0.0,0.37174721189591076
corona2_11987,SARS-CoV-2,1.5384615384615385,1.486988847583643
corona2_11999,hCoV-HKU1,0.0,0.37174721189591076
corona2_12001,SARS-CoV,4.230769230769231,1.1152416356877324
corona2_12001,SARS-CoV-2,4.230769230769231,1.1152416356877324
corona2_12026,hCoV-OC43,0.38461538461538464,0.0
corona2_12037,MERS-CoV,0.0,0.37174721189591076
corona2_12058,hCoV-NL63,0.0,0.37174721189591076
corona2_12069,hCoV-HKU1,0.0,0.7434944237918215
corona2_12074,hCoV-NL63,0.0,0.37174721189591076
corona2_1208,MERS-CoV,1.1538461538461537,0.0
corona2_12081,hCoV-HKU1,1.1538461538461537,0.7434944237918215
corona2_12087,hCoV-OC43,1.1538461538461537,0.0
corona2_12091,hCoV-299E,0.38461538461538464,0.0
corona2_12100,hCoV-299E,2.3076923076923075,1.1152416356877324
corona2_12105,hCoV-OC43,0.38461538461538464,0.0
corona2_12109,SARS-CoV,0.0,1.1152416356877324
corona2_12109,SARS-CoV-2,0.0,1.1152416356877324
corona2_12111,hCoV-OC43,0.38461538461538464,0.0
corona2_12139,MERS-CoV,0.0,1.1152416356877324
corona2_1214,SARS-CoV,0.7692307692307693,0.37174721189591076
corona2_12147,MERS-CoV,0.38461538461538464,0.0
corona2_1215,SARS-CoV-2,1.1538461538461537,0.0
corona2_12155,hCoV-HKU1,0.7692307692307693,0.0
corona2_12156,hCoV-OC43,0.0,0.37174721189591076
corona2_12167,SARS-CoV-2,0.38461538461538464,0.0
corona2_12186,hCoV-NL63,0.0,0.37174721189591076
corona2_12192,hCoV-299E,0.7692307692307693,0.0
corona2_12210,hCoV-NL63,0.38461538461538464,0.37174721189591076
corona2_12238,SARS-CoV,0.38461538461538464,0.0
corona2_12245,MERS-CoV,2.6923076923076925,3.345724907063197
corona2_12246,MERS-CoV,1.9230769230769231,2.2304832713754648
corona2_12278,MERS-CoV,4.230769230769231,7.434944237918216
corona2_1228,hCoV-OC43,0.38461538461538464,0.0
corona2_12281,hCoV-299E,0.38461538461538464,0.7434944237918215
corona2_12285,SARS-CoV,10.76923076923077,56.87732342007435
corona2_12293,hCoV-OC43,1.9230769230769231,3.717472118959108
corona2_12318,MERS-CoV,0.38461538461538464,0.0
corona2_12350,SARS-CoV-2,0.38461538461538464,0.0
corona2_12363,MERS-CoV,1.5384615384615385,0.37174721189591076
corona2_12381,MERS-CoV,0.0,1.1152416356877324
corona2_12392,MERS-CoV,1.1538461538461537,4.089219330855019
corona2_12405,MERS-CoV,0.7692307692307693,0.0
corona2_12437,hCoV-OC43,0.7692307692307693,0.0
corona2_12452,hCoV-OC43,0.38461538461538464,9.293680297397769
corona2_12467,SARS-CoV-2,0.0,1.1152416356877324
corona2_12473,MERS-CoV,0.7692307692307693,0.37174721189591076
corona2_12483,hCoV-NL63,0.0,0.37174721189591076
corona2_12489,SARS-CoV,0.38461538461538464,1.1152416356877324
corona2_12502,SARS-CoV,3.4615384615384617,6.319702602230484
corona2_12504,SARS-CoV,0.0,0.7434944237918215
corona2_1252,MERS-CoV,0.0,0.7434944237918215
corona2_12523,hCoV-HKU1,0.7692307692307693,0.7434944237918215
corona2_12524,hCoV-OC43,0.38461538461538464,0.37174721189591076
corona2_12527,SARS-CoV-2,1.9230769230769231,0.7434944237918215
corona2_12533,SARS-CoV-2,0.0,0.37174721189591076
corona2_12553,hCoV-299E,0.0,0.37174721189591076
corona2_12555,hCoV-HKU1,0.38461538461538464,0.7434944237918215
corona2_1256,hCoV-NL63,0.0,0.37174721189591076
corona2_12569,MERS-CoV,0.38461538461538464,0.0
corona2_12586,MERS-CoV,0.0,1.1152416356877324
corona2_12605,SARS-CoV-2,0.38461538461538464,0.37174721189591076
corona2_12627,SARS-CoV,0.38461538461538464,1.486988847583643
corona2_12632,hCoV-HKU1,0.0,0.37174721189591076
corona2_12644,hCoV-299E,0.38461538461538464,0.37174721189591076
corona2_12656,MERS-CoV,0.0,0.37174721189591076
corona2_12656,MERS-CoV,0.0,0.37174721189591076
corona2_12657,hCoV-OC43,9.23076923076923,8.921933085501859
corona2_12668,hCoV-OC43,0.7692307692307693,0.0
corona2_12713,SARS-CoV-2,0.7692307692307693,0.7434944237918215
corona2_12721,SARS-CoV-2,0.38461538461538464,1.486988847583643
corona2_1274,SARS-CoV,1.1538461538461537,34.572490706319705
corona2_12740,hCoV-HKU1,0.38461538461538464,0.7434944237918215
corona2_12762,hCoV-OC43,1.9230769230769231,0.37174721189591076
corona2_12772,hCoV-HKU1,0.38461538461538464,0.0
corona2_12789,MERS-CoV,0.38461538461538464,0.0
corona2_12799,hCoV-NL63,0.38461538461538464,0.37174721189591076
corona2_12800,hCoV-OC43,4.230769230769231,55.01858736059479
corona2_1282,hCoV-NL63,0.38461538461538464,0.37174721189591076
corona2_12841,MERS-CoV,0.38461538461538464,0.0
corona2_12878,hCoV-OC43,0.38461538461538464,0.0
corona2_12900,SARS-CoV,1.1538461538461537,0.7434944237918215
corona2_12914,SARS-CoV,1.9230769230769231,4.4609665427509295
corona2_12922,SARS-CoV-2,0.38461538461538464,8.178438661710038
corona2_12923,MERS-CoV,0.0,0.7434944237918215
corona2_1303,SARS-CoV,0.38461538461538464,0.0
corona2_1308,hCoV-HKU1,10.0,9.293680297397769
corona2_1314,SARS-CoV-2,0.0,0.37174721189591076
corona2_1319,hCoV-299E,2.3076923076923075,2.2304832713754648
corona2_134,SARS-CoV-2,0.7692307692307693,1.1152416356877324
corona2_1341,hCoV-NL63,0.0,0.37174721189591076
corona2_1355,MERS-CoV,0.38461538461538464,0.37174721189591076
corona2_1359,MERS-CoV,0.7692307692307693,0.7434944237918215
corona2_1359,MERS-CoV,0.7692307692307693,0.7434944237918215
corona2_1375,hCoV-HKU1,3.8461538461538463,30.483271375464685
corona2_1382,SARS-CoV-2,0.38461538461538464,0.0
corona2_1409,hCoV-NL63,1.9230769230769231,2.6022304832713754
corona2_1421,MERS-CoV,0.7692307692307693,0.37174721189591076
corona2_1435,hCoV-OC43,1.1538461538461537,0.0
corona2_1436,hCoV-HKU1,0.38461538461538464,0.37174721189591076
corona2_146,MERS-CoV,0.0,0.37174721189591076
corona2_1460,hCoV-299E,0.7692307692307693,0.37174721189591076
corona2_1495,MERS-CoV,1.1538461538461537,0.37174721189591076
corona2_1539,hCoV-OC43,0.38461538461538464,0.0
corona2_1567,hCoV-NL63,0.38461538461538464,1.486988847583643
corona2_1584,SARS-CoV,1.5384615384615385,0.7434944237918215
corona2_1584,SARS-CoV-2,1.5384615384615385,0.7434944237918215
corona2_1589,MERS-CoV,0.38461538461538464,0.37174721189591076
corona2_1595,hCoV-299E,1.9230769230769231,0.37174721189591076
corona2_16,hCoV-NL63,0.0,0.37174721189591076
corona2_1622,hCoV-OC43,0.38461538461538464,0.0
corona2_1623,hCoV-HKU1,0.38461538461538464,0.7434944237918215
corona2_164,SARS-CoV-2,0.7692307692307693,0.7434944237918215
corona2_1640,hCoV-299E,17.692307692307693,18.587360594795538
corona2_1643,MERS-CoV,0.38461538461538464,2.6022304832713754
corona2_167,hCoV-HKU1,0.7692307692307693,0.37174721189591076
corona2_1677,hCoV-OC43,0.0,1.1152416356877324
corona2_1678,hCoV-OC43,1.1538461538461537,0.0
corona2_1681,MERS-CoV,1.1538461538461537,1.486988847583643
corona2_1684,SARS-CoV-2,0.38461538461538464,0.7434944237918215
corona2_1688,MERS-CoV,0.0,0.37174721189591076
corona2_1690,hCoV-HKU1,0.38461538461538464,0.0
corona2_1696,hCoV-HKU1,0.38461538461538464,0.0
corona2_1697,SARS-CoV,0.7692307692307693,0.0
corona2_1707,hCoV-HKU1,0.0,0.7434944237918215
corona2_1710,hCoV-299E,0.38461538461538464,0.0
corona2_1718,hCoV-OC43,0.38461538461538464,1.858736059479554
corona2_1766,hCoV-NL63,33.84615384615385,34.94423791821561
corona2_1787,SARS-CoV,1.1538461538461537,1.1152416356877324
corona2_1788,hCoV-HKU1,0.7692307692307693,1.858736059479554
corona2_1805,hCoV-OC43,0.38461538461538464,0.0
corona2_1808,hCoV-HKU1,0.7692307692307693,0.0
corona2_1816,hCoV-OC43,1.5384615384615385,1.486988847583643
corona2_1817,hCoV-HKU1,0.7692307692307693,0.7434944237918215
corona2_1819,SARS-CoV,0.38461538461538464,1.1152416356877324
corona2_1851,hCoV-NL63,0.0,0.37174721189591076
corona2_1862,hCoV-299E,0.7692307692307693,0.37174721189591076
corona2_1865,hCoV-299E,5.769230769230769,7.806691449814126
corona2_189,MERS-CoV,0.38461538461538464,0.7434944237918215
corona2_189,MERS-CoV,0.38461538461538464,0.7434944237918215
corona2_1918,hCoV-OC43,46.15384615384615,41.63568773234201
corona2_1928,hCoV-OC43,0.0,0.7434944237918215
corona2_1930,SARS-CoV-2,0.0,0.7434944237918215
corona2_1931,SARS-CoV,0.0,1.1152416356877324
corona2_1932,MERS-CoV,0.0,1.1152416356877324
corona2_1942,hCoV-NL63,0.0,0.37174721189591076
corona2_1943,hCoV-299E,0.7692307692307693,1.486988847583643
corona2_1964,SARS-CoV,18.076923076923077,20.817843866171003
corona2_1969,SARS-CoV-2,0.7692307692307693,9.293680297397769
corona2_1976,SARS-CoV,30.0,36.43122676579926
corona2_1978,SARS-CoV-2,27.692307692307693,33.45724907063197
corona2_1982,MERS-CoV,1.9230769230769231,3.717472118959108
corona2_1984,SARS-CoV,0.0,0.7434944237918215
corona2_1993,hCoV-HKU1,0.38461538461538464,1.1152416356877324
corona2_2057,MERS-CoV,1.1538461538461537,0.37174721189591076
corona2_2114,hCoV-NL63,1.1538461538461537,1.858736059479554
corona2_2126,hCoV-OC43,0.7692307692307693,0.37174721189591076
corona2_2128,hCoV-HKU1,0.38461538461538464,0.0
corona2_2137,SARS-CoV-2,0.0,2.2304832713754648
corona2_2167,hCoV-299E,0.7692307692307693,4.4609665427509295
corona2_2184,hCoV-OC43,3.076923076923077,2.2304832713754648
corona2_2189,hCoV-299E,0.0,0.7434944237918215
corona2_2213,MERS-CoV,0.38461538461538464,1.1152416356877324
corona2_2218,hCoV-OC43,0.38461538461538464,0.0
corona2_227,MERS-CoV,0.38461538461538464,0.0
corona2_2271,SARS-CoV,0.38461538461538464,0.37174721189591076
corona2_2271,SARS-CoV-2,0.38461538461538464,0.37174721189591076
corona2_2280,SARS-CoV,0.0,0.7434944237918215
corona2_2284,hCoV-OC43,0.38461538461538464,0.0
corona2_2288,MERS-CoV,0.0,1.1152416356877324
corona2_2290,hCoV-299E,0.38461538461538464,0.0
corona2_230,hCoV-299E,0.0,0.7434944237918215
corona2_2309,hCoV-HKU1,0.38461538461538464,0.37174721189591076
corona2_231,hCoV-NL63,0.38461538461538464,0.7434944237918215
corona2_2330,hCoV-OC43,0.0,0.37174721189591076
corona2_2347,hCoV-299E,0.38461538461538464,0.7434944237918215
corona2_2352,SARS-CoV-2,0.7692307692307693,0.7434944237918215
corona2_236,MERS-CoV,1.9230769230769231,1.1152416356877324
corona2_2368,hCoV-NL63,0.0,0.37174721189591076
corona2_2386,hCoV-HKU1,0.38461538461538464,0.37174721189591076
corona2_2389,SARS-CoV,0.0,0.37174721189591076
corona2_239,SARS-CoV-2,0.38461538461538464,0.37174721189591076
corona2_2394,SARS-CoV-2,0.0,0.7434944237918215
corona2_240,SARS-CoV,0.7692307692307693,0.37174721189591076
corona2_241,hCoV-NL63,0.0,0.37174721189591076
corona2_2412,MERS-CoV,0.38461538461538464,0.7434944237918215
corona2_2412,MERS-CoV,0.38461538461538464,0.7434944237918215
corona2_2414,hCoV-HKU1,2.6923076923076925,2.6022304832713754
corona2_2431,hCoV-NL63,0.38461538461538464,0.0
corona2_2433,SARS-CoV,0.7692307692307693,0.37174721189591076
corona2_2433,SARS-CoV-2,0.7692307692307693,0.37174721189591076
corona2_2435,MERS-CoV,1.1538461538461537,0.37174721189591076
corona2_2436,hCoV-HKU1,0.7692307692307693,1.1152416356877324
corona2_2437,hCoV-OC43,1.1538461538461537,1.1152416356877324
corona2_2439,hCoV-299E,1.5384615384615385,1.1152416356877324
corona2_2458,SARS-CoV,1.9230769230769231,1.858736059479554
corona2_2468,SARS-CoV-2,0.38461538461538464,0.0
corona2_2472,MERS-CoV,0.38461538461538464,0.37174721189591076
corona2_248,MERS-CoV,0.7692307692307693,0.7434944237918215
corona2_2483,hCoV-OC43,5.384615384615385,5.204460966542751
corona2_2509,hCoV-OC43,0.0,0.37174721189591076
corona2_251,hCoV-OC43,0.38461538461538464,0.37174721189591076
corona2_252,hCoV-NL63,0.7692307692307693,0.0
corona2_2522,hCoV-OC43,0.38461538461538464,0.37174721189591076
corona2_2529,MERS-CoV,0.7692307692307693,1.486988847583643
corona2_253,hCoV-HKU1,0.38461538461538464,0.0
corona2_2535,MERS-CoV,1.1538461538461537,0.37174721189591076
corona2_2538,hCoV-HKU1,10.0,42.37918215613383
corona2_254,hCoV-299E,0.38461538461538464,0.0
corona2_2541,SARS-CoV,0.38461538461538464,0.37174721189591076
corona2_2544,SARS-CoV-2,0.0,0.37174721189591076
corona2_256,MERS-CoV,0.38461538461538464,0.7434944237918215
corona2_2569,SARS-CoV,0.7692307692307693,0.37174721189591076
corona2_2569,SARS-CoV-2,0.7692307692307693,0.37174721189591076
corona2_2576,MERS-CoV,0.38461538461538464,0.37174721189591076
corona2_2585,hCoV-HKU1,0.0,1.1152416356877324
corona2_2609,hCoV-NL63,0.38461538461538464,0.0
corona2_2627,hCoV-299E,0.38461538461538464,0.0
corona2_2636,SARS-CoV,0.38461538461538464,0.37174721189591076
corona2_2637,hCoV-HKU1,0.0,0.37174721189591076
corona2_2656,SARS-CoV,1.5384615384615385,1.858736059479554
corona2_2665,SARS-CoV-2,0.38461538461538464,0.0
corona2_2668,MERS-CoV,0.0,0.37174721189591076
corona2_2679,SARS-CoV,0.0,0.37174721189591076
corona2_2687,hCoV-299E,3.4615384615384617,4.089219330855019
corona2_2688,MERS-CoV,0.38461538461538464,0.37174721189591076
corona2_2701,hCoV-OC43,1.1538461538461537,39.77695167286245
corona2_2706,hCoV-HKU1,0.7692307692307693,0.37174721189591076
corona2_2728,MERS-CoV,0.38461538461538464,0.0
corona2_2738,hCoV-299E,0.38461538461538464,0.0
corona2_2757,MERS-CoV,0.7692307692307693,0.0
corona2_2764,hCoV-HKU1,0.0,0.37174721189591076
corona2_2789,SARS-CoV,0.38461538461538464,0.37174721189591076
corona2_2789,SARS-CoV-2,0.38461538461538464,0.37174721189591076
corona2_2800,hCoV-HKU1,0.7692307692307693,0.0
corona2_2802,hCoV-OC43,0.7692307692307693,0.0
corona2_2804,SARS-CoV,0.7692307692307693,4.4609665427509295
corona2_2805,SARS-CoV,1.1538461538461537,0.0
corona2_2837,hCoV-NL63,0.38461538461538464,0.0
corona2_284,SARS-CoV-2,1.1538461538461537,0.0
corona2_2842,MERS-CoV,0.0,0.7434944237918215
corona2_2848,MERS-CoV,0.38461538461538464,0.7434944237918215
corona2_285,SARS-CoV,1.5384615384615385,1.1152416356877324
corona2_2854,SARS-CoV-2,0.0,3.345724907063197
corona2_2864,MERS-CoV,0.0,0.7434944237918215
corona2_2864,MERS-CoV,0.0,0.7434944237918215
corona2_2872,MERS-CoV,0.38461538461538464,0.0
corona2_2875,MERS-CoV,0.38461538461538464,0.0
corona2_2889,hCoV-HKU1,0.0,0.37174721189591076
corona2_2897,hCoV-OC43,0.38461538461538464,0.0
corona2_2898,hCoV-HKU1,0.38461538461538464,0.0
corona2_2906,SARS-CoV-2,1.1538461538461537,0.0
corona2_2913,MERS-CoV,0.7692307692307693,0.7434944237918215
corona2_2929,hCoV-HKU1,88.46153846153847,86.61710037174721
corona2_2931,MERS-CoV,0.38461538461538464,1.1152416356877324
corona2_2935,hCoV-NL63,1.1538461538461537,0.37174721189591076
corona2_2938,hCoV-OC43,0.38461538461538464,0.0
corona2_2941,SARS-CoV,0.0,0.7434944237918215
corona2_2945,SARS-CoV,0.38461538461538464,0.0
corona2_2948,MERS-CoV,0.38461538461538464,0.37174721189591076
corona2_2949,SARS-CoV,0.7692307692307693,0.37174721189591076
corona2_2952,SARS-CoV,0.0,17.100371747211895
corona2_2962,hCoV-HKU1,0.7692307692307693,0.0
corona2_2963,MERS-CoV,0.38461538461538464,0.37174721189591076
corona2_2989,MERS-CoV,0.38461538461538464,0.37174721189591076
corona2_2993,MERS-CoV,0.7692307692307693,0.7434944237918215
corona2_3009,hCoV-NL63,0.38461538461538464,0.0
corona2_3019,hCoV-NL63,0.0,0.7434944237918215
corona2_3020,SARS-CoV-2,8.846153846153847,5.947955390334572
corona2_3063,SARS-CoV,0.0,0.37174721189591076
corona2_3084,MERS-CoV,0.7692307692307693,0.0
corona2_3093,MERS-CoV,0.38461538461538464,0.0
corona2_3107,MERS-CoV,0.7692307692307693,14.49814126394052
corona2_3107,MERS-CoV,0.7692307692307693,14.49814126394052
corona2_3132,SARS-CoV-2,0.0,0.37174721189591076
corona2_314,MERS-CoV,0.38461538461538464,0.37174721189591076
corona2_3140,hCoV-299E,3.8461538461538463,2.973977695167286
corona2_3141,hCoV-NL63,2.3076923076923075,1.858736059479554
corona2_3142,hCoV-299E,0.38461538461538464,0.37174721189591076
corona2_3145,MERS-CoV,0.7692307692307693,0.7434944237918215
corona2_315,MERS-CoV,0.38461538461538464,0.7434944237918215
corona2_3178,SARS-CoV-2,0.0,0.37174721189591076
corona2_3187,hCoV-299E,1.1538461538461537,0.37174721189591076
corona2_3201,hCoV-299E,0.38461538461538464,0.0
corona2_3212,SARS-CoV,0.38461538461538464,0.0
corona2_3217,SARS-CoV-2,0.0,0.37174721189591076
corona2_3230,hCoV-OC43,0.0,0.37174721189591076
corona2_3237,hCoV-299E,0.0,0.37174721189591076
corona2_324,hCoV-HKU1,0.0,0.37174721189591076
corona2_3267,SARS-CoV,0.7692307692307693,0.37174721189591076
corona2_3267,SARS-CoV-2,0.7692307692307693,0.37174721189591076
corona2_3270,hCoV-OC43,0.0,0.7434944237918215
corona2_3271,hCoV-NL63,0.0,0.37174721189591076
corona2_33,MERS-CoV,0.38461538461538464,0.7434944237918215
corona2_3329,hCoV-299E,0.0,0.37174721189591076
corona2_333,hCoV-299E,0.38461538461538464,0.37174721189591076
corona2_3332,MERS-CoV,1.5384615384615385,1.1152416356877324
corona2_3349,SARS-CoV,1.5384615384615385,0.7434944237918215
corona2_3352,hCoV-NL63,85.0,88.10408921933086
corona2_3357,hCoV-NL63,0.7692307692307693,0.0
corona2_3373,hCoV-299E,1.9230769230769231,2.973977695167286
corona2_3375,hCoV-299E,0.38461538461538464,3.345724907063197
corona2_3388,MERS-CoV,1.9230769230769231,1.858736059479554
corona2_3389,hCoV-299E,0.7692307692307693,1.486988847583643
corona2_3406,SARS-CoV,0.38461538461538464,1.486988847583643
corona2_3410,MERS-CoV,0.38461538461538464,0.7434944237918215
corona2_3413,SARS-CoV-2,0.38461538461538464,0.0
corona2_3416,SARS-CoV-2,0.38461538461538464,0.37174721189591076
corona2_342,MERS-CoV,0.38461538461538464,0.37174721189591076
corona2_3422,SARS-CoV,0.38461538461538464,23.04832713754647
corona2_3439,MERS-CoV,0.38461538461538464,0.0
corona2_3453,hCoV-OC43,28.076923076923077,22.304832713754646
corona2_3463,SARS-CoV,0.38461538461538464,0.0
corona2_3473,SARS-CoV,0.38461538461538464,0.37174721189591076
corona2_3545,hCoV-NL63,0.38461538461538464,0.0
corona2_3557,hCoV-OC43,1.9230769230769231,1.1152416356877324
corona2_3561,SARS-CoV-2,1.1538461538461537,0.37174721189591076
corona2_3566,hCoV-299E,1.5384615384615385,0.37174721189591076
corona2_3570,MERS-CoV,0.0,0.7434944237918215
corona2_3580,SARS-CoV,0.38461538461538464,0.37174721189591076
corona2_3585,hCoV-NL63,0.0,0.37174721189591076
corona2_3628,hCoV-HKU1,1.9230769230769231,0.37174721189591076
corona2_3640,MERS-CoV,0.7692307692307693,0.0
corona2_3640,MERS-CoV,0.7692307692307693,0.0
corona2_3661,MERS-CoV,0.38461538461538464,0.7434944237918215
corona2_367,hCoV-NL63,0.38461538461538464,0.37174721189591076
corona2_3678,hCoV-299E,2.3076923076923075,2.6022304832713754
corona2_370,SARS-CoV,1.5384615384615385,0.37174721189591076
corona2_370,SARS-CoV-2,1.5384615384615385,0.37174721189591076
corona2_3725,SARS-CoV,0.0,0.37174721189591076
corona2_3737,SARS-CoV-2,0.38461538461538464,0.37174721189591076
corona2_3750,MERS-CoV,0.38461538461538464,0.0
corona2_3765,SARS-CoV,0.0,0.37174721189591076
corona2_3776,hCoV-HKU1,0.0,0.37174721189591076
corona2_3789,SARS-CoV,4.230769230769231,6.319702602230484
corona2_3798,hCoV-OC43,0.0,0.37174721189591076
corona2_3826,hCoV-OC43,0.38461538461538464,0.0
corona2_383,MERS-CoV,0.38461538461538464,0.0
corona2_3834,hCoV-299E,0.38461538461538464,0.7434944237918215
corona2_3839,SARS-CoV-2,0.0,0.37174721189591076
corona2_3840,SARS-CoV,0.0,0.7434944237918215
corona2_3842,hCoV-OC43,0.38461538461538464,0.0
corona2_3843,hCoV-HKU1,0.38461538461538464,0.0
corona2_3857,hCoV-NL63,0.0,1.1152416356877324
corona2_3861,MERS-CoV,2.3076923076923075,1.486988847583643
corona2_387,hCoV-HKU1,0.38461538461538464,1.1152416356877324
corona2_3872,SARS-CoV-2,2.3076923076923075,73.97769516728624
corona2_3878,hCoV-OC43,2.3076923076923075,0.0
corona2_388,hCoV-OC43,0.38461538461538464,0.0
corona2_389,hCoV-NL63,0.38461538461538464,0.37174721189591076
corona2_3890,MERS-CoV,0.0,0.7434944237918215
corona2_3935,hCoV-NL63,0.38461538461538464,2.2304832713754648
corona2_3941,hCoV-299E,1.1538461538461537,0.37174721189591076
corona2_3947,hCoV-NL63,0.7692307692307693,1.1152416356877324
corona2_3955,MERS-CoV,2.3076923076923075,2.6022304832713754
corona2_3989,SARS-CoV,0.0,0.37174721189591076
corona2_3992,MERS-CoV,0.0,0.37174721189591076
corona2_4017,SARS-CoV-2,3.8461538461538463,64.31226765799256
corona2_4045,MERS-CoV,1.9230769230769231,4.4609665427509295
corona2_4046,hCoV-OC43,1.5384615384615385,2.2304832713754648
corona2_4048,hCoV-HKU1,0.0,1.858736059479554
corona2_4054,SARS-CoV,0.0,0.37174721189591076
corona2_4071,hCoV-NL63,0.7692307692307693,0.0
corona2_4074,hCoV-OC43,0.38461538461538464,0.0
corona2_4078,hCoV-299E,0.0,0.37174721189591076
corona2_4108,hCoV-NL63,0.0,1.1152416356877324
corona2_4119,SARS-CoV-2,0.38461538461538464,0.0
corona2_4146,hCoV-NL63,1.5384615384615385,0.7434944237918215
corona2_4149,hCoV-OC43,0.0,0.37174721189591076
corona2_4158,MERS-CoV,0.0,0.37174721189591076
corona2_4159,hCoV-HKU1,0.7692307692307693,0.37174721189591076
corona2_4181,hCoV-OC43,1.1538461538461537,0.37174721189591076
corona2_4182,hCoV-HKU1,2.3076923076923075,2.2304832713754648
corona2_4188,hCoV-OC43,1.1538461538461537,4.4609665427509295
corona2_4199,MERS-CoV,0.38461538461538464,0.37174721189591076
corona2_425,SARS-CoV,4.615384615384615,34.572490706319705
corona2_4250,hCoV-299E,0.38461538461538464,0.37174721189591076
corona2_4253,hCoV-HKU1,0.0,0.37174721189591076
corona2_4256,hCoV-HKU1,0.7692307692307693,0.0
corona2_4263,hCoV-NL63,1.1538461538461537,0.0
corona2_4265,SARS-CoV-2,0.38461538461538464,0.37174721189591076
corona2_4271,hCoV-299E,0.38461538461538464,0.0
corona2_4284,SARS-CoV,0.7692307692307693,0.37174721189591076
corona2_4284,SARS-CoV-2,0.7692307692307693,0.37174721189591076
corona2_4288,hCoV-OC43,25.76923076923077,28.99628252788104
corona2_4323,hCoV-NL63,0.38461538461538464,0.0
corona2_4328,hCoV-NL63,0.38461538461538464,0.0
corona2_4343,hCoV-NL63,1.1538461538461537,0.37174721189591076
corona2_4363,SARS-CoV-2,0.0,0.37174721189591076
corona2_438,hCoV-HKU1,1.5384615384615385,1.486988847583643
corona2_4383,hCoV-NL63,1.1538461538461537,0.37174721189591076
corona2_4386,SARS-CoV-2,5.0,4.4609665427509295
corona2_4397,MERS-CoV,0.7692307692307693,0.0
corona2_4418,MERS-CoV,1.1538461538461537,1.486988847583643
corona2_443,hCoV-NL63,0.7692307692307693,0.37174721189591076
corona2_4447,MERS-CoV,1.5384615384615385,0.37174721189591076
corona2_4473,hCoV-OC43,0.38461538461538464,7.063197026022305
corona2_4482,MERS-CoV,0.0,0.7434944237918215
corona2_4483,hCoV-299E,1.1538461538461537,1.486988847583643
corona2_45,hCoV-HKU1,0.7692307692307693,0.7434944237918215
corona2_4500,SARS-CoV-2,0.38461538461538464,0.0
corona2_4504,SARS-CoV,0.38461538461538464,0.37174721189591076
corona2_4505,hCoV-NL63,0.7692307692307693,0.7434944237918215
corona2_4506,hCoV-299E,0.7692307692307693,0.0
corona2_4523,hCoV-HKU1,6.153846153846154,4.83271375464684
corona2_4537,SARS-CoV-2,3.8461538461538463,5.204460966542751
corona2_4547,hCoV-HKU1,0.7692307692307693,0.37174721189591076
corona2_4559,hCoV-NL63,1.9230769230769231,0.37174721189591076
corona2_4560,hCoV-299E,1.5384615384615385,2.2304832713754648
corona2_4563,hCoV-HKU1,3.076923076923077,2.2304832713754648
corona2_4564,hCoV-OC43,5.384615384615385,5.204460966542751
corona2_4577,MERS-CoV,0.7692307692307693,1.1152416356877324
corona2_4577,MERS-CoV,0.7692307692307693,1.1152416356877324
corona2_4592,SARS-CoV,0.38461538461538464,0.0
corona2_4596,SARS-CoV,0.38461538461538464,0.37174721189591076
corona2_4600,MERS-CoV,0.0,0.37174721189591076
corona2_4602,MERS-CoV,0.0,0.7434944237918215
corona2_4615,hCoV-OC43,1.1538461538461537,1.1152416356877324
corona2_462,hCoV-299E,0.0,0.7434944237918215
corona2_4623,SARS-CoV,1.5384615384615385,1.858736059479554
corona2_4627,MERS-CoV,0.38461538461538464,0.7434944237918215
corona2_4627,MERS-CoV,0.38461538461538464,0.7434944237918215
corona2_463,hCoV-299E,0.7692307692307693,1.486988847583643
corona2_464,SARS-CoV,1.5384615384615385,3.345724907063197
corona2_4645,hCoV-299E,0.38461538461538464,0.0
corona2_4653,hCoV-299E,0.38461538461538464,0.7434944237918215
corona2_4654,hCoV-NL63,0.38461538461538464,0.0
corona2_4682,hCoV-OC43,0.38461538461538464,0.7434944237918215
corona2_4691,hCoV-NL63,0.38461538461538464,0.0
corona2_4702,hCoV-NL63,0.38461538461538464,0.0
corona2_4705,hCoV-OC43,0.7692307692307693,1.486988847583643
corona2_471,hCoV-299E,0.38461538461538464,0.0
corona2_472,hCoV-HKU1,0.38461538461538464,0.0
corona2_4725,hCoV-OC43,0.38461538461538464,1.858736059479554
corona2_4728,hCoV-HKU1,0.0,1.1152416356877324
corona2_4736,hCoV-HKU1,0.38461538461538464,0.0
corona2_4748,hCoV-HKU1,0.0,0.37174721189591076
corona2_4754,hCoV-NL63,0.7692307692307693,0.7434944237918215
corona2_4761,hCoV-299E,0.38461538461538464,1.1152416356877324
corona2_4762,hCoV-NL63,0.38461538461538464,0.37174721189591076
corona2_4767,hCoV-299E,10.384615384615385,13.754646840148698
corona2_4768,hCoV-NL63,0.0,0.37174721189591076
corona2_4770,hCoV-299E,1.5384615384615385,0.7434944237918215
corona2_4772,hCoV-OC43,0.38461538461538464,0.0
corona2_4796,hCoV-NL63,20.76923076923077,24.1635687732342
corona2_48,MERS-CoV,0.0,1.1152416356877324
corona2_4813,hCoV-OC43,0.7692307692307693,0.0
corona2_4818,SARS-CoV-2,0.0,1.1152416356877324
corona2_4823,MERS-CoV,0.38461538461538464,0.7434944237918215
corona2_4835,hCoV-OC43,5.384615384615385,4.83271375464684
corona2_4841,MERS-CoV,3.076923076923077,2.6022304832713754
corona2_4850,hCoV-OC43,3.8461538461538463,2.973977695167286
corona2_487,SARS-CoV,0.0,0.37174721189591076
corona2_489,SARS-CoV,1.9230769230769231,3.345724907063197
corona2_4909,hCoV-HKU1,0.0,0.7434944237918215
corona2_4913,hCoV-OC43,12.307692307692308,10.037174721189592
corona2_4915,hCoV-HKU1,1.5384615384615385,1.858736059479554
corona2_4916,hCoV-NL63,0.7692307692307693,8.550185873605948
corona2_4926,hCoV-OC43,0.38461538461538464,0.0
corona2_4927,SARS-CoV,0.38461538461538464,0.0
corona2_4931,hCoV-OC43,0.0,0.37174721189591076
corona2_4933,SARS-CoV-2,0.0,0.37174721189591076
corona2_4935,hCoV-OC43,0.0,0.37174721189591076
corona2_4953,MERS-CoV,0.38461538461538464,0.0
corona2_4958,hCoV-299E,0.38461538461538464,0.0
corona2_4965,hCoV-HKU1,0.38461538461538464,0.37174721189591076
corona2_4966,hCoV-OC43,0.38461538461538464,0.0
corona2_4968,MERS-CoV,0.38461538461538464,0.0
corona2_4978,hCoV-NL63,1.1538461538461537,1.1152416356877324
corona2_4988,SARS-CoV,0.0,1.486988847583643
corona2_5007,hCoV-NL63,0.38461538461538464,0.37174721189591076
corona2_5008,MERS-CoV,0.0,0.37174721189591076
corona2_5018,hCoV-NL63,9.23076923076923,7.434944237918216
corona2_5036,hCoV-299E,1.9230769230769231,1.486988847583643
corona2_5044,MERS-CoV,0.38461538461538464,1.486988847583643
corona2_5056,hCoV-299E,0.0,0.37174721189591076
corona2_5062,hCoV-OC43,3.4615384615384617,5.204460966542751
corona2_5065,hCoV-OC43,1.9230769230769231,0.7434944237918215
corona2_5066,hCoV-NL63,0.38461538461538464,0.0
corona2_5070,hCoV-299E,1.5384615384615385,0.37174721189591076
corona2_5073,hCoV-NL63,1.1538461538461537,0.7434944237918215
corona2_5074,SARS-CoV,6.923076923076923,88.10408921933086
corona2_510,MERS-CoV,0.7692307692307693,0.7434944237918215
corona2_5107,SARS-CoV-2,0.0,0.37174721189591076
corona2_5111,SARS-CoV,3.4615384615384617,4.089219330855019
corona2_5115,SARS-CoV-2,0.0,2.2304832713754648
corona2_513,hCoV-299E,1.5384615384615385,1.486988847583643
corona2_5153,hCoV-OC43,0.38461538461538464,0.0
corona2_5175,SARS-CoV-2,0.0,35.31598513011152
corona2_5190,hCoV-HKU1,0.7692307692307693,0.37174721189591076
corona2_520,SARS-CoV-2,0.0,0.7434944237918215
corona2_5208,MERS-CoV,0.0,0.37174721189591076
corona2_5208,MERS-CoV,0.0,0.37174721189591076
corona2_5210,MERS-CoV,0.7692307692307693,1.858736059479554
corona2_5271,hCoV-NL63,0.0,1.1152416356877324
corona2_5272,hCoV-299E,0.38461538461538464,0.0
corona2_5282,hCoV-NL63,0.38461538461538464,1.1152416356877324
corona2_5288,SARS-CoV-2,0.38461538461538464,0.37174721189591076
corona2_5305,hCoV-NL63,0.38461538461538464,0.37174721189591076
corona2_5306,SARS-CoV,0.7692307692307693,2.2304832713754648
corona2_5311,hCoV-NL63,0.38461538461538464,0.37174721189591076
corona2_5312,MERS-CoV,0.38461538461538464,0.0
corona2_5316,hCoV-299E,3.4615384615384617,1.486988847583643
corona2_5323,hCoV-NL63,0.0,0.37174721189591076
corona2_5324,MERS-CoV,0.38461538461538464,0.0
corona2_5331,hCoV-NL63,1.1538461538461537,1.858736059479554
corona2_5332,hCoV-HKU1,1.5384615384615385,0.7434944237918215
corona2_5333,hCoV-OC43,2.3076923076923075,2.973977695167286
corona2_5342,hCoV-OC43,1.1538461538461537,1.858736059479554
corona2_5343,hCoV-OC43,0.0,1.1152416356877324
corona2_535,hCoV-OC43,6.923076923076923,8.550185873605948
corona2_537,SARS-CoV,0.7692307692307693,1.486988847583643
corona2_5375,hCoV-299E,1.5384615384615385,19.33085501858736
corona2_5384,MERS-CoV,0.7692307692307693,0.0
corona2_5395,MERS-CoV,0.7692307692307693,0.0
corona2_54,hCoV-OC43,0.0,0.7434944237918215
corona2_5411,hCoV-NL63,1.9230769230769231,1.1152416356877324
corona2_5429,hCoV-OC43,0.38461538461538464,0.37174721189591076
corona2_5430,SARS-CoV,0.38461538461538464,0.7434944237918215
corona2_545,SARS-CoV,0.0,1.1152416356877324
corona2_5462,SARS-CoV,0.7692307692307693,0.7434944237918215
corona2_548,SARS-CoV-2,0.38461538461538464,0.37174721189591076
corona2_5487,SARS-CoV-2,2.6923076923076925,60.594795539033456
corona2_5490,SARS-CoV-2,4.615384615384615,11.524163568773234
corona2_5492,MERS-CoV,1.5384615384615385,0.7434944237918215
corona2_55,MERS-CoV,0.0,1.1152416356877324
corona2_5512,SARS-CoV,2.3076923076923075,2.973977695167286
corona2_5513,hCoV-HKU1,2.3076923076923075,0.37174721189591076
corona2_5517,SARS-CoV,5.769230769230769,4.4609665427509295
corona2_5520,SARS-CoV-2,1.1538461538461537,1.486988847583643
corona2_5527,MERS-CoV,0.0,0.37174721189591076
corona2_5533,MERS-CoV,2.3076923076923075,5.947955390334572
corona2_5538,MERS-CoV,1.9230769230769231,1.1152416356877324
corona2_5556,hCoV-OC43,0.0,0.37174721189591076
corona2_556,MERS-CoV,0.7692307692307693,1.486988847583643
corona2_5568,SARS-CoV,0.0,0.37174721189591076
corona2_5570,SARS-CoV-2,0.7692307692307693,0.37174721189591076
corona2_5593,MERS-CoV,0.0,0.37174721189591076
corona2_5595,SARS-CoV-2,0.7692307692307693,1.1152416356877324
corona2_5599,hCoV-OC43,0.38461538461538464,0.37174721189591076
corona2_561,SARS-CoV,0.38461538461538464,0.37174721189591076
corona2_5633,SARS-CoV-2,0.38461538461538464,0.7434944237918215
corona2_565,hCoV-OC43,0.7692307692307693,0.0
corona2_5658,MERS-CoV,0.0,0.37174721189591076
corona2_5659,hCoV-299E,0.38461538461538464,0.0
corona2_5677,MERS-CoV,0.38461538461538464,1.1152416356877324
corona2_5683,SARS-CoV,0.7692307692307693,1.486988847583643
corona2_5684,MERS-CoV,0.38461538461538464,0.37174721189591076
corona2_5690,SARS-CoV-2,1.1538461538461537,0.7434944237918215
corona2_571,hCoV-OC43,1.9230769230769231,1.1152416356877324
corona2_5716,MERS-CoV,1.1538461538461537,1.1152416356877324
corona2_5716,MERS-CoV,1.1538461538461537,1.1152416356877324
corona2_5723,hCoV-HKU1,0.38461538461538464,0.0
corona2_5728,MERS-CoV,0.7692307692307693,0.7434944237918215
corona2_5735,hCoV-HKU1,0.38461538461538464,0.0
corona2_574,SARS-CoV,0.38461538461538464,0.37174721189591076
corona2_576,SARS-CoV-2,0.38461538461538464,0.37174721189591076
corona2_5768,hCoV-NL63,6.538461538461538,7.434944237918216
corona2_5776,hCoV-299E,0.38461538461538464,0.0
corona2_5782,MERS-CoV,0.38461538461538464,0.0
corona2_5788,hCoV-HKU1,0.38461538461538464,0.7434944237918215
corona2_58,MERS-CoV,0.38461538461538464,0.0
corona2_580,SARS-CoV-2,0.38461538461538464,0.0
corona2_5802,SARS-CoV-2,0.38461538461538464,0.0
corona2_582,MERS-CoV,0.0,0.37174721189591076
corona2_5829,MERS-CoV,2.3076923076923075,9.293680297397769
corona2_5839,hCoV-HKU1,0.7692307692307693,5.947955390334572
corona2_5851,hCoV-HKU1,0.0,0.37174721189591076
corona2_5863,SARS-CoV-2,0.7692307692307693,0.7434944237918215
corona2_5870,hCoV-NL63,0.0,0.37174721189591076
corona2_5871,hCoV-299E,1.1538461538461537,1.1152416356877324
corona2_5879,SARS-CoV-2,6.153846153846154,44.60966542750929
corona2_588,hCoV-NL63,0.38461538461538464,0.0
corona2_5885,SARS-CoV,2.6923076923076925,41.63568773234201
corona2_5886,MERS-CoV,1.1538461538461537,0.0
corona2_5891,MERS-CoV,0.38461538461538464,0.0
corona2_590,SARS-CoV,1.1538461538461537,3.345724907063197
corona2_5906,MERS-CoV,0.38461538461538464,0.0
corona2_5919,hCoV-299E,0.0,0.37174721189591076
corona2_5923,SARS-CoV-2,0.38461538461538464,0.37174721189591076
corona2_5948,SARS-CoV,0.0,0.37174721189591076
corona2_5958,hCoV-NL63,0.38461538461538464,0.0
corona2_5963,SARS-CoV-2,3.8461538461538463,2.973977695167286
corona2_597,MERS-CoV,0.38461538461538464,0.0
corona2_5973,hCoV-HKU1,0.0,0.37174721189591076
corona2_5983,SARS-CoV-2,3.4615384615384617,68.02973977695167
corona2_6003,SARS-CoV-2,0.0,0.37174721189591076
corona2_6016,hCoV-OC43,0.38461538461538464,0.7434944237918215
corona2_6017,MERS-CoV,1.1538461538461537,1.1152416356877324
corona2_6027,MERS-CoV,4.615384615384615,2.6022304832713754
corona2_6035,hCoV-299E,2.3076923076923075,3.717472118959108
corona2_6038,SARS-CoV-2,0.0,10.780669144981413
corona2_6043,hCoV-HKU1,0.38461538461538464,0.7434944237918215
corona2_6047,MERS-CoV,0.38461538461538464,0.0
corona2_6052,SARS-CoV-2,6.538461538461538,3.345724907063197
corona2_6053,SARS-CoV,3.4615384615384617,2.6022304832713754
corona2_6066,hCoV-NL63,0.38461538461538464,0.37174721189591076
corona2_6077,hCoV-NL63,1.5384615384615385,1.1152416356877324
corona2_6102,hCoV-299E,0.38461538461538464,0.37174721189591076
corona2_6116,hCoV-HKU1,0.38461538461538464,0.7434944237918215
corona2_6120,MERS-CoV,0.38461538461538464,0.0
corona2_6131,SARS-CoV,0.38461538461538464,0.37174721189591076
corona2_615,MERS-CoV,0.38461538461538464,0.37174721189591076
corona2_6154,SARS-CoV-2,0.38461538461538464,0.0
corona2_6155,SARS-CoV,0.0,0.37174721189591076
corona2_6166,SARS-CoV,1.1538461538461537,0.7434944237918215
corona2_6173,SARS-CoV-2,0.0,0.37174721189591076
corona2_6177,SARS-CoV-2,0.38461538461538464,0.0
corona2_6183,hCoV-HKU1,0.38461538461538464,0.0
corona2_6189,SARS-CoV,1.1538461538461537,0.37174721189591076
corona2_6190,SARS-CoV,1.1538461538461537,36.43122676579926
corona2_6194,hCoV-OC43,0.38461538461538464,0.37174721189591076
corona2_6198,hCoV-299E,0.38461538461538464,0.37174721189591076
corona2_6199,hCoV-NL63,0.38461538461538464,0.0
corona2_622,MERS-CoV,0.38461538461538464,0.37174721189591076
corona2_6247,MERS-CoV,0.0,0.37174721189591076
corona2_6248,MERS-CoV,1.1538461538461537,2.973977695167286
corona2_6270,hCoV-HKU1,7.6923076923076925,6.319702602230484
corona2_6271,hCoV-HKU1,0.0,0.37174721189591076
corona2_6280,SARS-CoV-2,0.38461538461538464,0.0
corona2_6282,hCoV-299E,0.0,0.7434944237918215
corona2_6286,MERS-CoV,0.38461538461538464,1.486988847583643
corona2_6309,hCoV-HKU1,0.38461538461538464,0.0
corona2_6336,SARS-CoV,0.7692307692307693,0.7434944237918215
corona2_6337,hCoV-OC43,0.7692307692307693,0.7434944237918215
corona2_6342,hCoV-HKU1,0.0,0.37174721189591076
corona2_6356,MERS-CoV,0.38461538461538464,0.0
corona2_6370,MERS-CoV,2.3076923076923075,0.37174721189591076
corona2_6377,hCoV-OC43,1.5384615384615385,1.1152416356877324
corona2_6407,SARS-CoV,0.38461538461538464,0.0
corona2_6420,hCoV-HKU1,0.38461538461538464,0.0
corona2_6424,MERS-CoV,0.38461538461538464,0.37174721189591076
corona2_643,hCoV-HKU1,2.6923076923076925,0.7434944237918215
corona2_6453,hCoV-299E,0.38461538461538464,1.1152416356877324
corona2_6459,SARS-CoV-2,0.0,0.37174721189591076
corona2_6464,MERS-CoV,0.38461538461538464,0.37174721189591076
corona2_6512,MERS-CoV,1.1538461538461537,1.486988847583643
corona2_6512,MERS-CoV,1.1538461538461537,1.486988847583643
corona2_6519,hCoV-NL63,2.3076923076923075,1.858736059479554
corona2_652,SARS-CoV,0.38461538461538464,0.0
corona2_6536,hCoV-299E,8.846153846153847,6.319702602230484
corona2_6541,hCoV-OC43,0.38461538461538464,0.0
corona2_6550,MERS-CoV,0.7692307692307693,0.0
corona2_6554,SARS-CoV,0.0,0.37174721189591076
corona2_6570,hCoV-299E,0.7692307692307693,1.1152416356877324
corona2_6586,hCoV-OC43,1.1538461538461537,1.858736059479554
corona2_6588,SARS-CoV-2,0.38461538461538464,0.7434944237918215
corona2_6593,SARS-CoV,0.7692307692307693,0.0
corona2_6611,SARS-CoV-2,0.38461538461538464,2.6022304832713754
corona2_6623,MERS-CoV,0.7692307692307693,1.486988847583643
corona2_6623,MERS-CoV,0.7692307692307693,1.486988847583643
corona2_6628,MERS-CoV,0.0,1.486988847583643
corona2_6629,MERS-CoV,0.38461538461538464,0.7434944237918215
corona2_6641,SARS-CoV,0.38461538461538464,0.37174721189591076
corona2_6642,SARS-CoV,0.38461538461538464,0.0
corona2_6646,SARS-CoV-2,1.1538461538461537,0.37174721189591076
corona2_6664,SARS-CoV,0.0,0.37174721189591076
corona2_6690,hCoV-NL63,0.0,0.37174721189591076
corona2_6704,hCoV-HKU1,1.5384615384615385,18.21561338289963
corona2_6717,hCoV-299E,0.38461538461538464,0.37174721189591076
corona2_6721,hCoV-NL63,0.7692307692307693,0.0
corona2_674,MERS-CoV,0.0,0.7434944237918215
corona2_675,SARS-CoV,0.38461538461538464,1.1152416356877324
corona2_6766,SARS-CoV-2,0.38461538461538464,0.0
corona2_6777,hCoV-HKU1,3.4615384615384617,2.6022304832713754
corona2_6778,MERS-CoV,0.38461538461538464,0.7434944237918215
corona2_679,MERS-CoV,0.7692307692307693,0.0
corona2_6810,SARS-CoV,0.38461538461538464,0.7434944237918215
corona2_683,hCoV-HKU1,0.0,1.1152416356877324
corona2_6848,hCoV-HKU1,11.538461538461538,17.843866171003718
corona2_6863,MERS-CoV,0.38461538461538464,0.7434944237918215
corona2_6886,SARS-CoV-2,0.38461538461538464,1.486988847583643
corona2_69,hCoV-NL63,1.1538461538461537,0.37174721189591076
corona2_6914,SARS-CoV-2,0.0,0.7434944237918215
corona2_6931,hCoV-HKU1,26.153846153846153,30.855018587360593
corona2_6950,hCoV-NL63,1.1538461538461537,0.37174721189591076
corona2_6952,MERS-CoV,1.5384615384615385,1.858736059479554
corona2_6964,hCoV-OC43,4.230769230769231,4.83271375464684
corona2_6969,hCoV-299E,0.7692307692307693,0.0
corona2_6985,SARS-CoV-2,0.7692307692307693,0.0
corona2_7003,MERS-CoV,0.0,0.37174721189591076
corona2_7026,SARS-CoV-2,0.38461538461538464,12.267657992565056
corona2_7031,SARS-CoV,5.0,21.933085501858734
corona2_7041,hCoV-OC43,11.153846153846153,16.728624535315983
corona2_7045,MERS-CoV,0.38461538461538464,0.37174721189591076
corona2_7045,MERS-CoV,0.38461538461538464,0.37174721189591076
corona2_706,hCoV-299E,0.38461538461538464,0.0
corona2_7063,MERS-CoV,0.38461538461538464,0.37174721189591076
corona2_7063,MERS-CoV,0.38461538461538464,0.37174721189591076
corona2_7066,hCoV-OC43,0.38461538461538464,0.37174721189591076
corona2_7070,hCoV-299E,0.38461538461538464,0.0
corona2_7074,MERS-CoV,0.38461538461538464,0.37174721189591076
corona2_708,hCoV-NL63,0.38461538461538464,0.0
corona2_7083,MERS-CoV,1.1538461538461537,1.858736059479554
corona2_7083,MERS-CoV,1.1538461538461537,1.858736059479554
corona2_7090,hCoV-OC43,0.7692307692307693,0.7434944237918215
corona2_7115,hCoV-HKU1,2.6923076923076925,6.691449814126394
corona2_7195,MERS-CoV,0.38461538461538464,0.37174721189591076
corona2_72,SARS-CoV,1.1538461538461537,1.1152416356877324
corona2_720,hCoV-OC43,1.1538461538461537,0.0
corona2_7202,SARS-CoV-2,0.38461538461538464,0.0
corona2_7204,SARS-CoV,0.0,0.7434944237918215
corona2_7209,hCoV-OC43,0.0,0.37174721189591076
corona2_7224,SARS-CoV,0.38461538461538464,0.37174721189591076
corona2_7233,MERS-CoV,1.1538461538461537,1.486988847583643
corona2_7234,MERS-CoV,0.0,0.37174721189591076
corona2_7241,SARS-CoV,0.0,0.37174721189591076
corona2_7243,SARS-CoV-2,0.38461538461538464,0.0
corona2_7246,hCoV-OC43,0.7692307692307693,0.37174721189591076
corona2_7257,SARS-CoV,0.0,1.858736059479554
corona2_726,SARS-CoV,0.38461538461538464,0.0
corona2_726,SARS-CoV-2,0.38461538461538464,0.0
corona2_7272,MERS-CoV,0.7692307692307693,0.7434944237918215
corona2_7274,hCoV-299E,0.7692307692307693,0.37174721189591076
corona2_7284,hCoV-299E,8.461538461538462,7.063197026022305
corona2_7287,MERS-CoV,3.076923076923077,4.4609665427509295
corona2_7288,MERS-CoV,4.230769230769231,5.947955390334572
corona2_7318,hCoV-299E,0.0,0.37174721189591076
corona2_732,MERS-CoV,0.0,0.37174721189591076
corona2_7327,MERS-CoV,0.0,2.2304832713754648
corona2_7335,MERS-CoV,0.7692307692307693,0.0
corona2_7335,MERS-CoV,0.7692307692307693,0.0
corona2_7345,hCoV-299E,0.0,0.7434944237918215
corona2_7372,SARS-CoV-2,0.38461538461538464,0.7434944237918215
corona2_7397,MERS-CoV,0.7692307692307693,4.089219330855019
corona2_7397,MERS-CoV,0.7692307692307693,4.089219330855019
corona2_7411,hCoV-NL63,1.1538461538461537,0.37174721189591076
corona2_7417,hCoV-299E,0.38461538461538464,1.486988847583643
corona2_7424,hCoV-HKU1,1.5384615384615385,1.858736059479554
corona2_7434,hCoV-OC43,0.38461538461538464,0.0
corona2_7447,MERS-CoV,2.6923076923076925,3.345724907063197
corona2_7447,MERS-CoV,2.6923076923076925,3.345724907063197
corona2_7449,hCoV-OC43,0.0,0.7434944237918215
corona2_7454,SARS-CoV,0.0,0.37174721189591076
corona2_7472,hCoV-299E,0.0,0.7434944237918215
corona2_7481,hCoV-HKU1,1.5384615384615385,2.2304832713754648
corona2_7492,hCoV-NL63,3.4615384615384617,2.973977695167286
corona2_7502,MERS-CoV,0.38461538461538464,1.1152416356877324
corona2_7504,hCoV-OC43,0.0,2.6022304832713754
corona2_7511,hCoV-OC43,2.3076923076923075,2.2304832713754648
corona2_7512,hCoV-HKU1,0.38461538461538464,0.7434944237918215
corona2_7517,hCoV-299E,1.1538461538461537,1.486988847583643
corona2_7519,MERS-CoV,0.0,0.37174721189591076
corona2_7521,SARS-CoV,3.076923076923077,7.063197026022305
corona2_7523,SARS-CoV-2,6.923076923076923,11.895910780669144
corona2_7526,MERS-CoV,0.0,0.7434944237918215
corona2_753,MERS-CoV,0.0,0.37174721189591076
corona2_7553,hCoV-HKU1,0.38461538461538464,0.0
corona2_7555,SARS-CoV,14.23076923076923,25.278810408921935
corona2_757,SARS-CoV,0.38461538461538464,0.7434944237918215
corona2_7582,hCoV-NL63,1.1538461538461537,0.37174721189591076
corona2_7583,hCoV-299E,0.38461538461538464,0.37174721189591076
corona2_759,hCoV-OC43,0.38461538461538464,0.0
corona2_76,MERS-CoV,0.38461538461538464,0.0
corona2_7608,hCoV-HKU1,0.38461538461538464,0.37174721189591076
corona2_7616,MERS-CoV,0.38461538461538464,1.486988847583643
corona2_7617,hCoV-NL63,0.7692307692307693,0.7434944237918215
corona2_7618,hCoV-299E,1.5384615384615385,0.7434944237918215
corona2_7619,hCoV-OC43,1.5384615384615385,1.1152416356877324
corona2_7620,hCoV-HKU1,0.7692307692307693,0.0
corona2_7637,hCoV-HKU1,0.38461538461538464,0.0
corona2_7643,SARS-CoV,0.0,0.37174721189591076
corona2_7644,hCoV-299E,0.38461538461538464,0.37174721189591076
corona2_7646,MERS-CoV,0.7692307692307693,0.7434944237918215
corona2_7668,SARS-CoV-2,0.38461538461538464,0.0
corona2_7669,SARS-CoV,1.5384615384615385,0.37174721189591076
corona2_7673,hCoV-OC43,0.38461538461538464,0.0
corona2_768,MERS-CoV,0.38461538461538464,0.0
corona2_768,MERS-CoV,0.38461538461538464,0.0
corona2_7688,SARS-CoV-2,0.7692307692307693,2.2304832713754648
corona2_7700,SARS-CoV-2,0.38461538461538464,1.858736059479554
corona2_7704,SARS-CoV,4.615384615384615,4.83271375464684
corona2_7712,hCoV-HKU1,0.7692307692307693,0.0
corona2_772,hCoV-OC43,1.5384615384615385,0.0
corona2_7723,SARS-CoV,0.38461538461538464,0.0
corona2_7741,hCoV-NL63,1.1538461538461537,0.37174721189591076
corona2_7743,hCoV-299E,0.0,0.37174721189591076
corona2_7746,MERS-CoV,0.38461538461538464,0.37174721189591076
corona2_7749,SARS-CoV,0.38461538461538464,0.7434944237918215
corona2_7749,SARS-CoV-2,0.38461538461538464,0.7434944237918215
corona2_7755,hCoV-OC43,29.23076923076923,33.82899628252788
corona2_7756,hCoV-NL63,2.3076923076923075,1.858736059479554
corona2_776,hCoV-299E,1.5384615384615385,2.6022304832713754
corona2_7763,SARS-CoV-2,1.1538461538461537,0.7434944237918215
corona2_7770,hCoV-HKU1,0.0,0.37174721189591076
corona2_7780,MERS-CoV,0.38461538461538464,0.37174721189591076
corona2_7781,hCoV-OC43,0.38461538461538464,1.1152416356877324
corona2_7782,hCoV-299E,11.538461538461538,10.037174721189592
corona2_7788,hCoV-NL63,0.0,2.2304832713754648
corona2_7803,hCoV-NL63,0.7692307692307693,1.1152416356877324
corona2_7819,SARS-CoV,0.0,2.6022304832713754
corona2_7826,hCoV-NL63,0.38461538461538464,0.0
corona2_7848,hCoV-OC43,0.38461538461538464,0.0
corona2_7868,SARS-CoV,0.38461538461538464,0.37174721189591076
corona2_7868,SARS-CoV-2,0.38461538461538464,0.37174721189591076
corona2_7892,hCoV-NL63,0.0,0.37174721189591076
corona2_7898,SARS-CoV,0.38461538461538464,0.7434944237918215
corona2_7903,hCoV-NL63,0.38461538461538464,1.486988847583643
corona2_7911,hCoV-299E,14.23076923076923,14.12639405204461
corona2_7916,MERS-CoV,0.7692307692307693,0.7434944237918215
corona2_7923,hCoV-OC43,1.1538461538461537,1.1152416356877324
corona2_7927,hCoV-OC43,0.0,0.7434944237918215
corona2_7929,hCoV-299E,1.1538461538461537,1.1152416356877324
corona2_7942,MERS-CoV,1.1538461538461537,0.0
corona2_7956,SARS-CoV,1.1538461538461537,1.486988847583643
corona2_7966,hCoV-OC43,0.38461538461538464,0.0
corona2_7979,MERS-CoV,0.38461538461538464,0.0
corona2_799,hCoV-HKU1,0.0,0.37174721189591076
corona2_7994,hCoV-OC43,2.3076923076923075,2.2304832713754648
corona2_7995,hCoV-HKU1,0.7692307692307693,1.1152416356877324
corona2_8014,hCoV-HKU1,0.38461538461538464,2.6022304832713754
corona2_8015,hCoV-OC43,0.7692307692307693,1.1152416356877324
corona2_8032,SARS-CoV-2,0.38461538461538464,0.37174721189591076
corona2_8047,hCoV-NL63,4.230769230769231,6.691449814126394
corona2_805,hCoV-HKU1,1.5384615384615385,0.0
corona2_8052,SARS-CoV,0.7692307692307693,0.37174721189591076
corona2_8058,MERS-CoV,0.7692307692307693,0.7434944237918215
corona2_8061,MERS-CoV,0.38461538461538464,0.0
corona2_8069,hCoV-NL63,10.384615384615385,9.66542750929368
corona2_8076,SARS-CoV-2,0.38461538461538464,0.37174721189591076
corona2_81,hCoV-HKU1,0.38461538461538464,0.0
corona2_811,SARS-CoV-2,5.769230769230769,6.319702602230484
corona2_8119,hCoV-HKU1,4.230769230769231,8.550185873605948
corona2_8126,hCoV-299E,0.38461538461538464,0.37174721189591076
corona2_813,SARS-CoV,0.7692307692307693,0.7434944237918215
corona2_8134,MERS-CoV,1.1538461538461537,0.7434944237918215
corona2_8135,MERS-CoV,2.6923076923076925,1.1152416356877324
corona2_8145,hCoV-HKU1,0.38461538461538464,0.0
corona2_8148,SARS-CoV-2,4.230769230769231,81.41263940520446
corona2_8150,hCoV-HKU1,0.0,0.37174721189591076
corona2_8157,hCoV-299E,61.92307692307692,62.45353159851301
corona2_8158,hCoV-299E,1.1538461538461537,1.1152416356877324
corona2_8173,MERS-CoV,4.615384615384615,4.089219330855019
corona2_8192,hCoV-OC43,1.9230769230769231,0.37174721189591076
corona2_820,SARS-CoV,0.38461538461538464,0.0
corona2_820,SARS-CoV-2,0.38461538461538464,0.0
corona2_8212,SARS-CoV-2,0.0,0.37174721189591076
corona2_8217,MERS-CoV,0.38461538461538464,0.0
corona2_822,SARS-CoV-2,0.7692307692307693,0.0
corona2_8240,SARS-CoV,0.38461538461538464,0.0
corona2_8243,SARS-CoV-2,0.38461538461538464,0.0
corona2_8271,hCoV-NL63,0.0,0.37174721189591076
corona2_8272,hCoV-OC43,0.0,0.7434944237918215
corona2_8283,SARS-CoV,3.076923076923077,2.2304832713754648
corona2_8287,hCoV-NL63,1.5384615384615385,0.7434944237918215
corona2_8295,hCoV-OC43,0.0,0.37174721189591076
corona2_8307,hCoV-OC43,0.38461538461538464,0.0
corona2_8323,MERS-CoV,0.0,1.486988847583643
corona2_8332,hCoV-HKU1,1.1538461538461537,0.0
corona2_8342,SARS-CoV-2,0.0,2.2304832713754648
corona2_8352,hCoV-OC43,0.7692307692307693,0.7434944237918215
corona2_8354,hCoV-OC43,0.38461538461538464,0.0
corona2_8361,hCoV-HKU1,0.0,0.37174721189591076
corona2_8370,hCoV-HKU1,0.38461538461538464,0.37174721189591076
corona2_8382,MERS-CoV,0.38461538461538464,0.37174721189591076
corona2_8387,hCoV-NL63,0.0,0.37174721189591076
corona2_8404,SARS-CoV,0.0,0.37174721189591076
corona2_8406,SARS-CoV-2,0.0,0.7434944237918215
corona2_8412,MERS-CoV,0.38461538461538464,0.37174721189591076
corona2_8424,hCoV-299E,0.7692307692307693,0.0
corona2_8431,MERS-CoV,0.7692307692307693,0.37174721189591076
corona2_8464,MERS-CoV,0.38461538461538464,0.7434944237918215
corona2_8475,SARS-CoV-2,0.38461538461538464,0.7434944237918215
corona2_8480,MERS-CoV,2.6923076923076925,0.37174721189591076
corona2_8485,hCoV-OC43,1.5384615384615385,0.37174721189591076
corona2_8498,hCoV-HKU1,0.38461538461538464,0.0
corona2_850,hCoV-NL63,0.0,0.7434944237918215
corona2_8525,MERS-CoV,1.1538461538461537,0.0
corona2_8559,hCoV-OC43,0.38461538461538464,0.7434944237918215
corona2_8589,hCoV-HKU1,0.38461538461538464,1.486988847583643
corona2_8619,hCoV-OC43,0.38461538461538464,1.858736059479554
corona2_8634,hCoV-HKU1,0.38461538461538464,0.37174721189591076
corona2_8649,hCoV-OC43,0.38461538461538464,0.0
corona2_8654,SARS-CoV-2,3.8461538461538463,3.345724907063197
corona2_8655,SARS-CoV,1.9230769230769231,2.973977695167286
corona2_8662,hCoV-OC43,0.38461538461538464,0.0
corona2_8669,hCoV-HKU1,0.0,0.37174721189591076
corona2_8683,SARS-CoV-2,0.38461538461538464,1.1152416356877324
corona2_8685,SARS-CoV,0.38461538461538464,1.1152416356877324
corona2_871,SARS-CoV-2,0.38461538461538464,8.921933085501859
corona2_872,SARS-CoV,1.5384615384615385,15.985130111524164
corona2_8724,SARS-CoV-2,4.615384615384615,4.089219330855019
corona2_8726,SARS-CoV,1.1538461538461537,0.7434944237918215
corona2_8732,hCoV-HKU1,0.38461538461538464,0.0
corona2_8736,MERS-CoV,2.3076923076923075,1.1152416356877324
corona2_8738,MERS-CoV,0.38461538461538464,0.0
corona2_8742,hCoV-NL63,0.7692307692307693,0.0
corona2_8757,hCoV-NL63,0.0,0.37174721189591076
corona2_880,hCoV-NL63,0.38461538461538464,0.0
corona2_881,SARS-CoV,0.38461538461538464,0.37174721189591076
corona2_8815,MERS-CoV,0.7692307692307693,0.37174721189591076
corona2_8816,hCoV-OC43,0.0,0.37174721189591076
corona2_8817,hCoV-HKU1,0.0,1.1152416356877324
corona2_8839,MERS-CoV,0.38461538461538464,0.0
corona2_8840,SARS-CoV,1.5384615384615385,2.2304832713754648
corona2_8840,SARS-CoV-2,1.5384615384615385,2.2304832713754648
corona2_886,hCoV-299E,0.7692307692307693,0.37174721189591076
corona2_8865,hCoV-HKU1,0.7692307692307693,2.6022304832713754
corona2_8893,SARS-CoV-2,0.0,7.434944237918216
corona2_8948,hCoV-NL63,11.923076923076923,9.293680297397769
corona2_8964,hCoV-HKU1,6.153846153846154,3.717472118959108
corona2_8979,hCoV-299E,0.7692307692307693,0.0
corona2_9,MERS-CoV,0.7692307692307693,0.0
corona2_90,hCoV-299E,0.0,0.37174721189591076
corona2_9010,MERS-CoV,1.5384615384615385,0.37174721189591076
corona2_9025,hCoV-HKU1,0.7692307692307693,0.0
corona2_9028,hCoV-HKU1,23.076923076923077,33.08550185873606
corona2_9036,hCoV-NL63,0.38461538461538464,0.7434944237918215
corona2_9051,MERS-CoV,0.38461538461538464,0.0
corona2_9064,hCoV-OC43,0.7692307692307693,0.0
corona2_909,hCoV-NL63,0.38461538461538464,0.37174721189591076
corona2_9094,MERS-CoV,0.0,0.37174721189591076
corona2_9094,MERS-CoV,0.0,0.37174721189591076
corona2_9112,MERS-CoV,3.4615384615384617,2.6022304832713754
corona2_9112,MERS-CoV,3.4615384615384617,2.6022304832713754
corona2_9116,MERS-CoV,0.0,0.37174721189591076
corona2_9120,hCoV-NL63,0.38461538461538464,0.37174721189591076
corona2_9142,hCoV-HKU1,0.0,0.37174721189591076
corona2_9142,hCoV-OC43,0.0,0.37174721189591076
corona2_9169,SARS-CoV,1.1538461538461537,43.49442379182156
corona2_9178,hCoV-HKU1,0.7692307692307693,0.0
corona2_918,SARS-CoV-2,1.1538461538461537,0.37174721189591076
corona2_9184,hCoV-NL63,0.38461538461538464,0.7434944237918215
corona2_9233,hCoV-299E,0.7692307692307693,2.6022304832713754
corona2_9234,MERS-CoV,3.076923076923077,5.5762081784386615
corona2_9244,hCoV-HKU1,0.38461538461538464,0.0
corona2_9248,hCoV-OC43,0.38461538461538464,0.0
corona2_9264,hCoV-HKU1,0.38461538461538464,0.0
corona2_9291,SARS-CoV,0.38461538461538464,0.0
corona2_9308,SARS-CoV-2,0.38461538461538464,1.1152416356877324
corona2_9311,SARS-CoV,1.1538461538461537,0.7434944237918215
corona2_9313,MERS-CoV,1.1538461538461537,0.37174721189591076
corona2_9317,MERS-CoV,0.0,0.37174721189591076
corona2_9321,hCoV-299E,0.38461538461538464,0.7434944237918215
corona2_9330,MERS-CoV,0.0,0.37174721189591076
corona2_9346,hCoV-NL63,0.7692307692307693,1.1152416356877324
corona2_9347,hCoV-299E,0.7692307692307693,0.0
corona2_935,hCoV-NL63,0.38461538461538464,0.7434944237918215
corona2_9364,SARS-CoV-2,0.7692307692307693,0.0
corona2_9365,hCoV-HKU1,1.1538461538461537,0.37174721189591076
corona2_9366,hCoV-OC43,1.5384615384615385,4.089219330855019
corona2_9374,SARS-CoV-2,3.076923076923077,3.345724907063197
corona2_9377,hCoV-OC43,0.0,0.37174721189591076
corona2_9379,hCoV-OC43,0.7692307692307693,0.37174721189591076
corona2_9392,hCoV-OC43,0.7692307692307693,0.0
corona2_9402,hCoV-NL63,0.38461538461538464,0.37174721189591076
corona2_9409,MERS-CoV,0.38461538461538464,0.37174721189591076
corona2_9442,SARS-CoV,0.38461538461538464,0.7434944237918215
corona2_9466,hCoV-299E,1.1538461538461537,2.6022304832713754
corona2_9467,MERS-CoV,0.38461538461538464,0.7434944237918215
corona2_9467,MERS-CoV,0.38461538461538464,0.7434944237918215
corona2_9484,MERS-CoV,0.0,0.7434944237918215
corona2_9496,MERS-CoV,0.38461538461538464,1.1152416356877324
corona2_9517,SARS-CoV,1.1538461538461537,0.37174721189591076
corona2_9519,SARS-CoV-2,1.1538461538461537,0.0
corona2_9521,hCoV-NL63,0.0,1.1152416356877324
corona2_9527,hCoV-OC43,0.38461538461538464,0.0
corona2_9528,hCoV-HKU1,0.7692307692307693,1.1152416356877324
corona2_9533,hCoV-NL63,0.38461538461538464,0.0
corona2_9542,MERS-CoV,0.7692307692307693,0.0
corona2_9586,hCoV-NL63,0.0,0.37174721189591076
corona2_96,MERS-CoV,0.38461538461538464,0.0
corona2_9626,hCoV-299E,0.38461538461538464,0.37174721189591076
corona2_9631,hCoV-HKU1,0.0,0.37174721189591076
corona2_964,SARS-CoV-2,0.38461538461538464,0.0
corona2_9644,hCoV-OC43,1.1538461538461537,1.1152416356877324
corona2_9645,hCoV-HKU1,0.7692307692307693,0.7434944237918215
corona2_9649,hCoV-HKU1,0.0,0.37174721189591076
corona2_9650,MERS-CoV,3.4615384615384617,1.1152416356877324
corona2_9652,MERS-CoV,0.7692307692307693,0.7434944237918215
corona2_9654,hCoV-OC43,0.0,0.37174721189591076
corona2_967,SARS-CoV,1.1538461538461537,3.345724907063197
corona2_9674,hCoV-OC43,0.7692307692307693,0.0
corona2_9679,hCoV-HKU1,0.0,0.37174721189591076
corona2_9681,hCoV-OC43,0.0,0.7434944237918215
corona2_9705,hCoV-HKU1,0.0,1.1152416356877324
corona2_9730,hCoV-NL63,1.5384615384615385,0.37174721189591076
corona2_9733,SARS-CoV-2,1.5384615384615385,1.1152416356877324
corona2_9735,SARS-CoV,0.0,1.1152416356877324
corona2_9736,hCoV-HKU1,0.0,0.37174721189591076
corona2_9737,hCoV-OC43,2.6923076923076925,8.178438661710038
corona2_9741,hCoV-OC43,0.7692307692307693,1.858736059479554
corona2_9746,hCoV-NL63,1.1538461538461537,0.0
corona2_9749,MERS-CoV,3.076923076923077,2.973977695167286
corona2_975,hCoV-NL63,1.1538461538461537,1.486988847583643
corona2_9750,hCoV-299E,0.0,0.7434944237918215
corona2_9764,SARS-CoV-2,0.38461538461538464,0.0
corona2_9773,MERS-CoV,1.9230769230769231,3.345724907063197
corona2_9779,hCoV-OC43,1.5384615384615385,2.6022304832713754
corona2_9780,hCoV-HKU1,0.7692307692307693,0.37174721189591076
corona2_9794,hCoV-NL63,0.7692307692307693,0.37174721189591076
corona2_9796,hCoV-299E,0.7692307692307693,1.1152416356877324
corona2_9808,hCoV-NL63,1.1538461538461537,22.304832713754646
corona2_9832,hCoV-HKU1,4.230769230769231,6.319702602230484
corona2_9840,hCoV-299E,0.38461538461538464,0.0
corona2_9844,hCoV-NL63,0.0,0.37174721189591076
corona2_9862,SARS-CoV-2,0.38461538461538464,8.921933085501859
corona2_9868,hCoV-HKU1,41.15384615384615,43.86617100371747
corona2_9869,MERS-CoV,0.38461538461538464,0.0
corona2_9869,MERS-CoV,0.38461538461538464,0.0
corona2_987,hCoV-HKU1,0.38461538461538464,0.0
corona2_988,hCoV-OC43,0.7692307692307693,0.0
corona2_9886,MERS-CoV,0.38461538461538464,0.7434944237918215
corona2_9900,hCoV-NL63,1.5384615384615385,1.858736059479554
corona2_9904,hCoV-NL63,0.38461538461538464,0.0
corona2_9913,MERS-CoV,0.7692307692307693,0.0
corona2_9916,hCoV-OC43,0.7692307692307693,0.0
corona2_9923,hCoV-299E,1.1538461538461537,1.858736059479554
corona2_9926,SARS-CoV,2.6923076923076925,31.226765799256505
corona2_9952,SARS-CoV,0.0,0.37174721189591076
corona2_9952,SARS-CoV-2,0.0,0.37174721189591076
corona2_9954,MERS-CoV,0.0,0.37174721189591076
corona2_9959,hCoV-299E,0.0,0.37174721189591076
corona2_9962,hCoV-299E,0.38461538461538464,0.37174721189591076
corona2_9968,MERS-CoV,4.615384615384615,39.77695167286245
corona2_9968,MERS-CoV,4.615384615384615,39.77695167286245
corona2_9982,SARS-CoV,0.38461538461538464,0.37174721189591076
corona2_9989,SARS-CoV-2,0.38461538461538464,0.0
corona2_9993,MERS-CoV,0.38461538461538464,0.37174721189591076
corona2_9994,hCoV-299E,0.38461538461538464,1.486988847583643
